Name,Link,Image URL,Description,Type,Height (m),Weight (kg),Species,HP,Attack,Defense,Special Attack,Special Defense,Speed
Bulbasaur,https://pokemondb.net/pokedex/bulbasaur,https://img.pokemondb.net/artwork/bulbasaur.jpg,"A strange seed was planted on its back at birth. The plant sprouts and grows with this POKéMON. It can go for days without eating a single morsel. In the bulb on its back, it stores energy.","Grass, Poison",0.7000000000000001,6.9,Seed Pokémon,45,49,49,65,65,45
Ivysaur,https://pokemondb.net/pokedex/ivysaur,https://img.pokemondb.net/artwork/ivysaur.jpg,"When the bulb on its back grows large, it appears to lose the ability to stand on its hind legs. Exposure to sun­ light adds to its strength. Sunlight also makes the bud on its back grow larger. The bulb on its back grows by drawing energy. It gives off an aroma when it is ready to bloom.","Grass, Poison",1.0,13.0,Seed Pokémon,60,62,63,80,80,60
Venusaur,https://pokemondb.net/pokedex/venusaur,https://img.pokemondb.net/artwork/venusaur.jpg,The flower on its back catches the sun's rays. The sunlight is then absorbed and used for energy. The plant blooms when it is absorbing solar energy. It stays on the move to seek sunlight.,"Grass, Poison",2.0,100.0,Seed Pokémon,80,82,83,100,100,80
Charmander,https://pokemondb.net/pokedex/charmander,https://img.pokemondb.net/artwork/charmander.jpg,"Obviously prefers hot places. When it rains, steam is said to spout from the tip of its tail. The flame at the tip of its tail makes a sound as it burns. You can only hear it in quiet places.",Fire,0.6000000000000001,8.5,Lizard Pokémon,39,52,43,60,50,65
Charmeleon,https://pokemondb.net/pokedex/charmeleon,https://img.pokemondb.net/artwork/charmeleon.jpg,"Tough fights could excite this POKéMON. When excited, it may blow out bluish- white flames. When it swings its burning tail, it elevates the temperature to unbearably high levels. It is very hot­ headed by nature, so it constantly seeks opponents. It calms down only when it wins.",Fire,1.1,19.0,Flame Pokémon,58,64,58,80,65,80
Charizard,https://pokemondb.net/pokedex/charizard,https://img.pokemondb.net/artwork/charizard.jpg,"Spits fire that is hot enough to melt boulders. Known to cause forest fires unintentionally. When expelling a blast of super hot fire, the red flame at the tip of its tail burns more intensely.","Fire, Flying",1.7000000000000002,90.5,Flame Pokémon,78,84,78,109,85,100
Squirtle,https://pokemondb.net/pokedex/squirtle,https://img.pokemondb.net/artwork/squirtle.jpg,"Shoots water at prey while in the water. Withdraws into its shell when in danger. After birth, its back swells and hardens into a shell. Powerfully sprays foam from its mouth.",Water,0.5,9.0,Tiny Turtle Pokémon,44,48,65,50,64,43
Wartortle,https://pokemondb.net/pokedex/wartortle,https://img.pokemondb.net/artwork/wartortle.jpg,"Often hides in water to stalk unwary prey. For swimming fast, it moves its ears to maintain balance. When tapped, this POKéMON will pull in its head, but its tail will still stick out a little bit.",Water,1.0,22.5,Turtle Pokémon,59,63,80,65,80,58
Blastoise,https://pokemondb.net/pokedex/blastoise,https://img.pokemondb.net/artwork/blastoise.jpg,"A brutal POKéMON with pressurized water jets on its shell. They are used for high speed tackles. Once it takes aim at its enemy, it blasts out water with even more force than a fire hose.",Water,1.6,85.5,Shellfish Pokémon,79,83,100,85,105,78
Caterpie,https://pokemondb.net/pokedex/caterpie,https://img.pokemondb.net/artwork/caterpie.jpg,"If you touch the feeler on top of its head, it will release a horrible stink to protect itself. Its short feet are tipped with suction pads that enable it to tirelessly climb slopes and walls. For protection, it releases a horri­ ble stench from the antenna on its head to drive away enemies.",Bug,0.30000000000000004,2.9000000000000004,Worm Pokémon,45,30,35,20,20,45
Metapod,https://pokemondb.net/pokedex/metapod,https://img.pokemondb.net/artwork/metapod.jpg,"Hardens its shell to protect itself. However, a large impact may cause it to pop out of its shell. This POKéMON is vulnerable to attack while its shell is soft, exposing its weak and tender body. Inside the shell, it is soft and weak as it pre­ pares to evolve. It stays motion­ less in the shell.",Bug,0.7000000000000001,9.9,Cocoon Pokémon,50,20,55,25,25,30
Butterfree,https://pokemondb.net/pokedex/butterfree,https://img.pokemondb.net/artwork/butterfree.jpg,"Its wings, covered with poisonous powders, repel water. This allows it to fly in the rain. In battle, it flaps its wings at high speed to release highly toxic dust into the air. It collects honey every day. It rubs honey onto the hairs on its legs to carry it back to its nest.","Bug, Flying",1.1,32.0,Butterfly Pokémon,60,45,50,90,80,70
Weedle,https://pokemondb.net/pokedex/weedle,https://img.pokemondb.net/artwork/weedle.jpg,"Beware of the sharp stinger on its head. It hides in grass and bushes where it eats leaves. Often found in forests, eating leaves. It has a sharp venomous stinger on its head.","Bug, Poison",0.30000000000000004,3.2,Hairy Bug Pokémon,40,35,30,20,20,50
Kakuna,https://pokemondb.net/pokedex/kakuna,https://img.pokemondb.net/artwork/kakuna.jpg,"Able to move only slightly. When endangered, it may stick out its stinger and poison its enemy. Almost incapable of moving, this POKéMON can only harden its shell to protect itself from predators. Although it is a cocoon, it can move a little. It can extend its poison barb if it is attacked.","Bug, Poison",0.6000000000000001,10.0,Cocoon Pokémon,45,25,50,25,25,35
Beedrill,https://pokemondb.net/pokedex/beedrill,https://img.pokemondb.net/artwork/beedrill.jpg,Flies at high speed and attacks using its large venomous stingers on its forelegs and tail. It has three poisonous stingers on its forelegs and its tail. They are used to jab its enemy repeatedly. It has 3 poisonous stingers on its forelegs and its tail. They are used to jab its enemy repeatedly.,"Bug, Poison",1.0,29.5,Poison Bee Pokémon,65,90,40,45,80,75
Pidgey,https://pokemondb.net/pokedex/pidgey,https://img.pokemondb.net/artwork/pidgey.jpg,"A common sight in forests and woods. It flaps its wings at ground level to kick up blinding sand. Very docile. If attacked, it will often kick up sand to protect itself rather than fight back.","Normal, Flying",0.30000000000000004,1.8,Tiny Bird Pokémon,40,45,40,35,35,56
Pidgeotto,https://pokemondb.net/pokedex/pidgeotto,https://img.pokemondb.net/artwork/pidgeotto.jpg,"Very protective of its sprawling territorial area, this POKéMON will fiercely peck at any intruder. This POKéMON is full of vitality. It constantly flies around its large territory in search of prey. It has outstanding vision. However high it flies, it is able to distin­ guish the move­ ments of its prey.","Normal, Flying",1.1,30.0,Bird Pokémon,63,60,55,50,50,71
Pidgeot,https://pokemondb.net/pokedex/pidgeot,https://img.pokemondb.net/artwork/pidgeot.jpg,"Its well-developed chest muscles make it strong enough to whip up a gusty windstorm with just a few flaps. This POKéMON flies at Mach 2 speed, seeking prey. Its large talons are feared as wicked weapons. When hunting, it skims the surface of water at high speed to pick off unwary prey such as MAGIKARP.","Normal, Flying",1.5,39.5,Bird Pokémon,83,80,75,70,70,101
Rattata,https://pokemondb.net/pokedex/rattata,https://img.pokemondb.net/artwork/rattata.jpg,"Bites anything when it attacks. Small and very quick, it is a common sight in many places. Will chew on any­ thing with its fangs. If you see one, it is certain that 40 more live in the area.",Normal,0.30000000000000004,3.5,Mouse Pokémon,30,56,35,25,35,72
Raticate,https://pokemondb.net/pokedex/raticate,https://img.pokemondb.net/artwork/raticate.jpg,"It uses its whis­ kers to maintain its balance. It apparently slows down if they are cut off. Its hind feet are webbed. They act as flippers, so it can swim in rivers and hunt for prey.",Normal,0.7000000000000001,18.5,Mouse Pokémon,55,81,60,50,70,97
Spearow,https://pokemondb.net/pokedex/spearow,https://img.pokemondb.net/artwork/spearow.jpg,"It flaps its small wings busily to fly. Using its beak, it searches in grass for prey. Eats bugs in grassy areas. It has to flap its short wings at high speed to stay airborne.","Normal, Flying",0.30000000000000004,2.0,Tiny Bird Pokémon,40,60,30,31,31,70
Fearow,https://pokemondb.net/pokedex/fearow,https://img.pokemondb.net/artwork/fearow.jpg,"A POKéMON that dates back many years. If it senses danger, it flies high and away, instantly. It shoots itself suddenly high into the sky, then plummets down in one fell swoop to strike its prey. With its huge and magnificent wings, it can keep aloft without ever having to land for rest.","Normal, Flying",1.2000000000000002,38.0,Beak Pokémon,65,90,65,61,61,100
Ekans,https://pokemondb.net/pokedex/ekans,https://img.pokemondb.net/artwork/ekans.jpg,"Moves silently and stealthily. Eats the eggs of birds, such as PIDGEY and SPEAROW, whole. The older it gets, the longer it grows. At night, it wraps its long body around tree branches to rest.",Poison,2.0,6.9,Snake Pokémon,35,60,44,40,54,55
Arbok,https://pokemondb.net/pokedex/arbok,https://img.pokemondb.net/artwork/arbok.jpg,"The frightening patterns on its belly have been studied. Six variations have been confirmed. Transfixing prey with the face-like pattern on its belly, it binds and poisons the frightened victim. It is rumored that the ferocious warning markings on its belly differ from area to area.",Poison,3.5,65.0,Cobra Pokémon,60,95,69,65,79,80
Pikachu,https://pokemondb.net/pokedex/pikachu,https://img.pokemondb.net/artwork/pikachu.jpg,"It keeps its tail raised to monitor its surroundings. If you yank its tail, it will try to bite you. This intelligent POKéMON roasts hard BERRIES with electricity to make them tender enough to eat. When several of these POKéMON gather, their electricity could build and cause lightning storms.",Electric,0.4,6.0,Mouse Pokémon,35,55,40,50,50,90
Raichu,https://pokemondb.net/pokedex/raichu,https://img.pokemondb.net/artwork/raichu.jpg,"When electricity builds up inside its body, it becomes feisty. It also glows in the dark. Its long tail serves as a ground to protect itself from its own high voltage power. Its long tail serves as a ground to protect itself from its own high-voltage power.",Electric,0.8,30.0,Mouse Pokémon,60,90,55,90,80,110
Sandshrew,https://pokemondb.net/pokedex/sandshrew,https://img.pokemondb.net/artwork/sandshrew.jpg,"Burrows deep underground in arid locations far from water. It only emerges to hunt for food. Its body is dry. When it gets cold at night, its hide is said to become coated with a fine dew.",Ground,0.6000000000000001,12.0,Mouse Pokémon,50,75,85,20,30,40
Sandslash,https://pokemondb.net/pokedex/sandslash,https://img.pokemondb.net/artwork/sandslash.jpg,"Curls up into a spiny ball when threatened. It can roll while curled up to attack or escape. It is skilled at slashing enemies with its claws. If broken, they start to grow back in a day.",Ground,1.0,29.5,Mouse Pokémon,75,100,110,45,55,65
Nidoran-f,https://pokemondb.net/pokedex/nidoran-f,https://img.pokemondb.net/artwork/nidoran-f.jpg,"A mild-mannered POKéMON that does not like to fight. Beware, its small horns secrete venom. Although small, its venomous barbs render this POKéMON dangerous. The female has smaller horns.",Poison,0.4,7.0,Poison Pin Pokémon,55,47,52,40,40,41
Nidorina,https://pokemondb.net/pokedex/nidorina,https://img.pokemondb.net/artwork/nidorina.jpg,"The female's horn develops slowly. Prefers physical attacks such as clawing and biting. When resting deep in its burrow, its thorns always retract. This is proof that it is relaxed.",Poison,0.8,20.0,Poison Pin Pokémon,70,62,67,55,55,56
Nidoqueen,https://pokemondb.net/pokedex/nidoqueen,https://img.pokemondb.net/artwork/nidoqueen.jpg,Its hard scales provide strong protection. It uses its hefty bulk to execute powerful moves. Tough scales cover the sturdy body of this POKéMON. It appears that the scales grow in cycles.,"Poison, Ground",1.3,60.0,Drill Pokémon,90,92,87,75,85,76
Nidoran-m,https://pokemondb.net/pokedex/nidoran-m,https://img.pokemondb.net/artwork/nidoran-m.jpg,"Its large ears are always kept upright. If it senses danger, it will attack with a poisonous sting. Stiffens its ears to sense danger. The larger its horns, the more powerful its secreted venom.",Poison,0.5,9.0,Poison Pin Pokémon,46,57,40,40,40,50
Nidorino,https://pokemondb.net/pokedex/nidorino,https://img.pokemondb.net/artwork/nidorino.jpg,"An aggressive POKéMON that is quick to attack. The horn on its head secretes a powerful venom. Its horns contain venom. If they are stabbed into an enemy, the impact makes the poison leak out.",Poison,0.9,19.5,Poison Pin Pokémon,61,72,57,55,55,65
Nidoking,https://pokemondb.net/pokedex/nidoking,https://img.pokemondb.net/artwork/nidoking.jpg,"It swings its big tail around during battle. If its foe flinches, it will charge with its sturdy body. It uses its powerful tail in battle to smash, constrict, then break the prey's bones. Its steel-like hide adds to its powerful tackle. Its horns are so hard, they can pierce a diamond.","Poison, Ground",1.4000000000000001,62.0,Drill Pokémon,81,102,77,85,75,85
Clefairy,https://pokemondb.net/pokedex/clefairy,https://img.pokemondb.net/artwork/clefairy.jpg,"Its magical and cute appeal has many admirers. It is rare and found only in certain areas. Adored for their cute looks and playfulness. They are thought to be rare, as they do not appear often.",Fairy,0.6000000000000001,7.5,Fairy Pokémon,70,45,48,60,65,35
Clefable,https://pokemondb.net/pokedex/clefable,https://img.pokemondb.net/artwork/clefable.jpg,"They appear to be very protective of their own world. It is a kind of fairy, rarely seen by people. A timid fairy POKéMON that is rarely seen. It will run and hide the moment it senses people.",Fairy,1.3,40.0,Fairy Pokémon,95,70,73,95,90,60
Vulpix,https://pokemondb.net/pokedex/vulpix,https://img.pokemondb.net/artwork/vulpix.jpg,"Both its fur and its tails are beautiful. As it grows, the tails split and form more tails. At the time of birth, it has just one tail. The tail splits from its tip as it grows older.",Fire,0.6000000000000001,9.9,Fox Pokémon,38,41,40,50,65,65
Ninetales,https://pokemondb.net/pokedex/ninetales,https://img.pokemondb.net/artwork/ninetales.jpg,"Very smart and very vengeful. Grabbing one of its many tails could result in a 1000-year curse. According to an enduring legend, 9 noble saints were united and reincarnated as this POKéMON.",Fire,1.1,19.900000000000002,Fox Pokémon,73,76,75,81,100,100
Jigglypuff,https://pokemondb.net/pokedex/jigglypuff,https://img.pokemondb.net/artwork/jigglypuff.jpg,"If it inflates to SING a lullaby, it can perform longer and cause sure drowsiness in its audience. Uses its alluring eyes to enrapture its foe. It then sings a pleasing melody that lulls the foe to sleep. When its huge eyes light up, it sings a mysteriously soothing melody that lulls its enemies to sleep.","Normal, Fairy",0.5,5.5,Balloon Pokémon,115,45,20,45,25,20
Wigglytuff,https://pokemondb.net/pokedex/wigglytuff,https://img.pokemondb.net/artwork/wigglytuff.jpg,"Its body is full of elasticity. By inhaling deeply, it can continue to inflate itself without limit. The body is soft and rubbery. When angered, it will suck in air and inflate itself to an enormous size.","Normal, Fairy",1.0,12.0,Balloon Pokémon,140,70,45,85,50,45
Zubat,https://pokemondb.net/pokedex/zubat,https://img.pokemondb.net/artwork/zubat.jpg,Emits ultrasonic cries while it flies. They act as a sonar used to check for ob­ jects in its way. Forms colonies in perpetually dark places. Uses ultrasonic waves to identify and approach targets.,"Poison, Flying",0.8,7.5,Bat Pokémon,40,45,35,30,40,55
Golbat,https://pokemondb.net/pokedex/golbat,https://img.pokemondb.net/artwork/golbat.jpg,"However hard its victim's hide may be, it punctures with sharp fangs and gorges itself with blood. Once it strikes, it will not stop draining energy from the victim even if it gets too heavy to fly. It attacks in a stealthy manner, without warning. Its sharp fangs are used to bite and suck blood.","Poison, Flying",1.6,55.0,Bat Pokémon,75,80,70,65,75,90
Oddish,https://pokemondb.net/pokedex/oddish,https://img.pokemondb.net/artwork/oddish.jpg,"It may be mistaken for a clump of weeds. If you try to yank it out of the ground, it shrieks horribly. During the day, it keeps its face buried in the ground. At night, it wanders around sowing its seeds.","Grass, Poison",0.5,5.4,Weed Pokémon,45,50,55,75,65,30
Gloom,https://pokemondb.net/pokedex/gloom,https://img.pokemondb.net/artwork/gloom.jpg,"Smells incredibly foul! However, around 1 out of 1,000 people enjoy sniffing its nose- bending stink. The fluid that oozes from its mouth isn't drool. It is a nectar that is used to attract prey.","Grass, Poison",0.8,8.6,Weed Pokémon,60,65,70,85,75,40
Vileplume,https://pokemondb.net/pokedex/vileplume,https://img.pokemondb.net/artwork/vileplume.jpg,"It has the world’s largest petals. With every step, the petals shake out heavy clouds of toxic pollen. The larger its petals, the more toxic pollen it contains. Its big head is heavy and hard to hold up.","Grass, Poison",1.2000000000000002,18.6,Flower Pokémon,75,80,85,110,90,50
Paras,https://pokemondb.net/pokedex/paras,https://img.pokemondb.net/artwork/paras.jpg,Burrows to suck tree roots. The mushrooms on its back grow by draw­ ing nutrients from the bug host. Burrows under the ground to gnaw on tree roots. The mushrooms on its back absorb most of the nutrition.,"Bug, Grass",0.30000000000000004,5.4,Mushroom Pokémon,35,70,55,45,55,25
Parasect,https://pokemondb.net/pokedex/parasect,https://img.pokemondb.net/artwork/parasect.jpg,A host-parasite pair in which the parasite mushroom has taken over the host bug. Prefers damp places. The bug host is drained of energy by the mushrooms on its back. They appear to do all the thinking.,"Bug, Grass",1.0,29.5,Mushroom Pokémon,60,95,80,60,80,30
Venonat,https://pokemondb.net/pokedex/venonat,https://img.pokemondb.net/artwork/venonat.jpg,"Lives in the shadows of tall trees where it eats insects. It is attracted by light at night. Its large eyes act as radars. In a bright place, you can see that they are clusters of many tiny eyes.","Bug, Poison",1.0,30.0,Insect Pokémon,60,55,50,40,55,45
Venomoth,https://pokemondb.net/pokedex/venomoth,https://img.pokemondb.net/artwork/venomoth.jpg,The dust-like scales covering its wings are color coded to indicate the kinds of poison it has. The dustlike scales covering its wings are color-coded to indicate the kinds of poison it has. The powdery scales on its wings are hard to remove. They also contain poison that leaks out on contact.,"Bug, Poison",1.5,12.5,Poison Moth Pokémon,70,65,60,90,75,90
Diglett,https://pokemondb.net/pokedex/diglett,https://img.pokemondb.net/artwork/diglett.jpg,"It prefers dark places. It spends most of its time underground, though it may pop up in caves. Lives about one yard underground where it feeds on plant roots. It sometimes appears above ground.",Ground,0.2,0.8,Mole Pokémon,10,55,25,35,45,95
Dugtrio,https://pokemondb.net/pokedex/dugtrio,https://img.pokemondb.net/artwork/dugtrio.jpg,"A team of triplets that can burrow over 60 MPH. Due to this, some people think it's an earthquake. A team of DIGLETT triplets. It triggers huge earthquakes by burrowing 60 miles underground.",Ground,0.7000000000000001,33.300000000000004,Mole Pokémon,35,100,50,50,70,120
Meowth,https://pokemondb.net/pokedex/meowth,https://img.pokemondb.net/artwork/meowth.jpg,Adores circular objects. Wanders the streets on a nightly basis to look for dropped loose change. It washes its face regularly to keep the coin on its forehead spotless. It doesn’t get along with Galarian Meowth.,Normal,0.4,4.2,Scratch Cat Pokémon,40,45,35,40,40,90
Persian,https://pokemondb.net/pokedex/persian,https://img.pokemondb.net/artwork/persian.jpg,"Many adore it for its sophisticated air. However, it will lash out and scratch for little reason. The gem in its forehead glows on its own! It walks with all the grace and elegance of a proud queen. Although its fur has many admirers, it is tough to raise as a pet because of its fickle meanness.",Normal,1.0,32.0,Classy Cat Pokémon,65,70,60,65,65,115
Psyduck,https://pokemondb.net/pokedex/psyduck,https://img.pokemondb.net/artwork/psyduck.jpg,"While lulling its enemies with its vacant look, this wily POKéMON will use psychokinetic powers. It has mystical powers but doesn't recall that it has used them. That is why it always looks puzzled. Always tormented by headaches. It uses psychic powers, but it is not known if it intends to do so.",Water,0.8,19.6,Duck Pokémon,50,52,48,65,50,55
Golduck,https://pokemondb.net/pokedex/golduck,https://img.pokemondb.net/artwork/golduck.jpg,"Its slim and long limbs end in broad flippers. They are used for swim­ ming gracefully in lakes. Often seen swim­ ming elegantly by lake shores. It is often mistaken for the Japanese monster, Kappa.",Water,1.7000000000000002,76.60000000000001,Duck Pokémon,80,82,78,95,80,85
Mankey,https://pokemondb.net/pokedex/mankey,https://img.pokemondb.net/artwork/mankey.jpg,Extremely quick to anger. It could be docile one moment then thrashing away the next instant. An agile POKéMON that lives in trees. It angers easily and will not hesitate to attack anything.,Fighting,0.5,28.0,Pig Monkey Pokémon,40,80,35,35,45,70
Primeape,https://pokemondb.net/pokedex/primeape,https://img.pokemondb.net/artwork/primeape.jpg,Always furious and tenacious to boot. It will not abandon chasing its quarry until it is caught. It stops being angry only when nobody else is around. To view this moment is very difficult.,Fighting,1.0,32.0,Pig Monkey Pokémon,65,105,60,60,70,95
Growlithe,https://pokemondb.net/pokedex/growlithe,https://img.pokemondb.net/artwork/growlithe.jpg,"A POKéMON with a friendly nature. However, it will bark fiercely at anything invading its territory. Very protective of its territory. It will bark and bite to repel intruders from its space.",Fire,0.7000000000000001,19.0,Puppy Pokémon,55,70,45,70,50,60
Arcanine,https://pokemondb.net/pokedex/arcanine,https://img.pokemondb.net/artwork/arcanine.jpg,A legendary POKé­ MON in China. Many people are charmed by its grace and beauty while running. A POKéMON that has been admired since the past for its beauty. It runs agilely as if on wings.,Fire,1.9000000000000001,155.0,Legendary Pokémon,90,110,80,100,80,95
Poliwag,https://pokemondb.net/pokedex/poliwag,https://img.pokemondb.net/artwork/poliwag.jpg,The direction of the spiral on the belly differs by area. It is more adept at swimming than walking. Its newly grown legs prevent it from running. It appears to prefer swimming than trying to stand.,Water,0.6000000000000001,12.4,Tadpole Pokémon,40,50,40,40,40,90
Poliwhirl,https://pokemondb.net/pokedex/poliwhirl,https://img.pokemondb.net/artwork/poliwhirl.jpg,"Capable of living in or out of water. When out of water, it sweats to keep its body slimy. Under attack, it uses its belly spiral to put the foe to sleep. It then makes its escape.",Water,1.0,20.0,Tadpole Pokémon,65,65,65,50,50,90
Poliwrath,https://pokemondb.net/pokedex/poliwrath,https://img.pokemondb.net/artwork/poliwrath.jpg,An adept swimmer at both the front crawl and breast stroke. Easily overtakes the best human swimmers. Swims powerfully using all the muscles in its body. It can even overtake champion swimmers.,"Water, Fighting",1.3,54.0,Tadpole Pokémon,90,95,95,70,90,70
Abra,https://pokemondb.net/pokedex/abra,https://img.pokemondb.net/artwork/abra.jpg,"Sleeps 18 hours a day. If it senses danger, it will teleport itself to safety even as it sleeps. It senses impend­ ing attacks and TELEPORTS away to safety before the actual attacks can strike. Using its ability to read minds, it will identify impending danger and TELEPORT to safety.",Psychic,0.9,19.5,Psi Pokémon,25,20,15,105,55,90
Kadabra,https://pokemondb.net/pokedex/kadabra,https://img.pokemondb.net/artwork/kadabra.jpg,"It emits special alpha waves from its body that induce headaches just by being close by. Many odd things happen if this POKéMON is close by. For example, it makes clocks run backwards. It possesses strong spiritual power. The more danger it faces, the stronger its psychic power.",Psychic,1.3,56.5,Psi Pokémon,40,35,30,120,70,105
Alakazam,https://pokemondb.net/pokedex/alakazam,https://img.pokemondb.net/artwork/alakazam.jpg,"A POKéMON that can memorize anything. It never forgets what it learns-- that's why this POKéMON is smart. Its brain can out­ perform a super­ computer. Its intelligence quotient is said to be 5,000.",Psychic,1.5,48.0,Psi Pokémon,55,50,45,135,95,120
Machop,https://pokemondb.net/pokedex/machop,https://img.pokemondb.net/artwork/machop.jpg,Very powerful in spite of its small size. Its mastery of many types of martial arts makes it very tough. Loves to build its muscles. It trains in all styles of martial arts to become even stronger.,Fighting,0.8,19.5,Superpower Pokémon,70,80,50,35,35,35
Machoke,https://pokemondb.net/pokedex/machoke,https://img.pokemondb.net/artwork/machoke.jpg,"The belt around its waist holds back its energy. Without it, this POKéMON would be unstoppable. It always goes at its full power, but this very tough and durable POKéMON never gets tired. Its muscular body is so powerful, it must wear a power save belt to be able to regulate its motions.",Fighting,1.5,70.5,Superpower Pokémon,80,100,70,50,60,45
Machamp,https://pokemondb.net/pokedex/machamp,https://img.pokemondb.net/artwork/machamp.jpg,"It quickly swings its four arms to rock its opponents with ceaseless punches and chops from all angles. One arm alone can move mountains. Using all four arms, this POKéMON fires off awesome punches. Using its heavy muscles, it throws powerful punches that can send the victim clear over the horizon.",Fighting,1.6,130.0,Superpower Pokémon,90,130,80,65,85,55
Bellsprout,https://pokemondb.net/pokedex/bellsprout,https://img.pokemondb.net/artwork/bellsprout.jpg,A carnivorous POKéMON that traps and eats bugs. It uses its root feet to soak up needed moisture. Prefers hot and humid places. It ensnares tiny insects with its vines and devours them.,"Grass, Poison",0.7000000000000001,4.0,Flower Pokémon,50,75,35,70,30,40
Weepinbell,https://pokemondb.net/pokedex/weepinbell,https://img.pokemondb.net/artwork/weepinbell.jpg,"Even though it is filled with ACID, it does not melt because it also oozes a neutral­ izing fluid. When hungry, it swallows anything that moves. Its hapless prey is melted inside by strong acids. It spits out POISONPOWDER to immobilize the enemy and then finishes it with a spray of ACID.","Grass, Poison",1.0,6.4,Flycatcher Pokémon,65,90,50,85,45,55
Victreebel,https://pokemondb.net/pokedex/victreebel,https://img.pokemondb.net/artwork/victreebel.jpg,"Said to live in huge colonies deep in jungles, although no one has ever returned from there. Lures prey with the sweet aroma of honey. Swallowed whole, the prey is melted in a day, bones and all. ACID that has dis­ solved many prey becomes sweeter, making it even more effective at attracting prey.","Grass, Poison",1.7000000000000002,15.5,Flycatcher Pokémon,80,105,65,100,70,70
Tentacool,https://pokemondb.net/pokedex/tentacool,https://img.pokemondb.net/artwork/tentacool.jpg,Drifts in shallow seas. Anglers who hook them by accident are often punished by its stinging acid. It can sometimes be found all dry and shriveled up on a beach. Toss it back into the sea to revive it.,"Water, Poison",0.9,45.5,Jellyfish Pokémon,40,40,35,50,100,70
Tentacruel,https://pokemondb.net/pokedex/tentacruel,https://img.pokemondb.net/artwork/tentacruel.jpg,"Its 80 tentacles can stretch and contract freely. They wrap around prey and weaken it with poison. The tentacles are normally kept short. On hunts, they are extended to ensnare and immobilize prey.","Water, Poison",1.6,55.0,Jellyfish Pokémon,80,70,65,80,120,100
Geodude,https://pokemondb.net/pokedex/geodude,https://img.pokemondb.net/artwork/geodude.jpg,"Found in fields and mountains. Mistaking them for boulders, people often step or trip on them. Commonly found near mountain trails, etc. If you step on one by accident, it gets angry.","Rock, Ground",0.4,20.0,Rock Pokémon,40,80,100,30,30,20
Graveler,https://pokemondb.net/pokedex/graveler,https://img.pokemondb.net/artwork/graveler.jpg,"Often seen rolling down mountain trails. Obstacles are just things to roll straight over, not avoid. Rolls down slopes to move. It rolls over any obstacle without slowing or changing its direction.","Rock, Ground",1.0,105.0,Rock Pokémon,55,95,115,45,45,35
Golem,https://pokemondb.net/pokedex/golem,https://img.pokemondb.net/artwork/golem.jpg,"Once it sheds its skin, its body turns tender and whitish. Its hide hardens when it's exposed to air. Its boulder-like body is extremely hard. It can easily withstand dynamite blasts without damage.","Rock, Ground",1.4000000000000001,300.0,Megaton Pokémon,80,120,130,55,65,45
Ponyta,https://pokemondb.net/pokedex/ponyta,https://img.pokemondb.net/artwork/ponyta.jpg,Its hooves are 10 times harder than diamonds. It can trample anything completely flat in little time. Capable of jumping incredibly high. Its hooves and sturdy legs absorb the impact of a hard landing.,Fire,1.0,30.0,Fire Horse Pokémon,50,85,55,65,65,90
Rapidash,https://pokemondb.net/pokedex/rapidash,https://img.pokemondb.net/artwork/rapidash.jpg,"Just loves to run. If it sees some­ thing faster than itself, it will give chase at top speed. At full gallop, its four hooves barely touch the ground because it moves so incredi­ bly fast. Very competitive, this POKéMON will chase anything that moves fast in the hopes of racing it.",Fire,1.7000000000000002,95.0,Fire Horse Pokémon,65,100,70,80,80,105
Slowpoke,https://pokemondb.net/pokedex/slowpoke,https://img.pokemondb.net/artwork/slowpoke.jpg,Incredibly slow and dopey. It takes 5 seconds for it to feel pain when under attack. Incredibly slow and sluggish. It is quite content to loll about without worrying about the time.,"Water, Psychic",1.2000000000000002,36.0,Dopey Pokémon,90,65,65,40,40,15
Slowbro,https://pokemondb.net/pokedex/slowbro,https://img.pokemondb.net/artwork/slowbro.jpg,"The SHELLDER that is latched onto SLOWPOKE's tail is said to feed on the host's left over scraps. If the tail-biting SHELLDER is thrown off in a harsh battle, it reverts to being an ordi­ nary SLOWPOKE. Lives lazily by the sea. If the SHELLDER on its tail comes off, it becomes a SLOWPOKE again.","Water, Psychic",1.6,78.5,Hermit Crab Pokémon,95,75,110,100,80,30
Magnemite,https://pokemondb.net/pokedex/magnemite,https://img.pokemondb.net/artwork/magnemite.jpg,Uses anti-gravity to stay suspended. Appears without warning and uses THUNDER WAVE and similar moves. It is born with the ability to defy gravity. It floats in air on powerful electro­ magnetic waves.,"Electric, Steel",0.30000000000000004,6.0,Magnet Pokémon,25,35,70,95,55,45
Magneton,https://pokemondb.net/pokedex/magneton,https://img.pokemondb.net/artwork/magneton.jpg,"Generates strange radio signals. It raises the tem­ perature by 3.6F degrees within 3,300 feet. Formed by several MAGNEMITEs linked together. They frequently appear when sunspots flare up.","Electric, Steel",1.0,60.0,Magnet Pokémon,50,60,95,120,70,70
Farfetchd,https://pokemondb.net/pokedex/farfetchd,https://img.pokemondb.net/artwork/farfetchd.jpg,"Lives where reedy plants grow. They are rarely seen, so it's thought their numbers are decreasing. The sprig of green onions it holds is its weapon. It is used much like a metal sword.","Normal, Flying",0.8,15.0,Wild Duck Pokémon,52,90,55,58,62,60
Doduo,https://pokemondb.net/pokedex/doduo,https://img.pokemondb.net/artwork/doduo.jpg,"A bird that makes up for its poor flying with its fast foot speed. Leaves giant footprints. Its short wings make flying dif­ ficult. Instead, this POKéMON runs at high speed on developed legs.","Normal, Flying",1.4000000000000001,39.2,Twin Bird Pokémon,35,85,45,35,35,75
Dodrio,https://pokemondb.net/pokedex/dodrio,https://img.pokemondb.net/artwork/dodrio.jpg,"One of DODUO's 2 heads splits to form a unique species. It runs close to 40 MPH in prairies. Uses its three brains to execute complex plans. While two heads sleep, one head stays awake.","Normal, Flying",1.8,85.2,Triple Bird Pokémon,60,110,70,60,60,110
Seel,https://pokemondb.net/pokedex/seel,https://img.pokemondb.net/artwork/seel.jpg,Loves freezing cold conditions. Relishes swimming in a frigid cli­ mate of around 14F degrees. The protruding horn on its head is very hard. It is used for bashing through thick ice.,Water,1.1,90.0,Sea Lion Pokémon,65,45,55,45,70,45
Dewgong,https://pokemondb.net/pokedex/dewgong,https://img.pokemondb.net/artwork/dewgong.jpg,"Its entire body is a snowy-white. Unharmed by even intense cold, it swims powerfully in icy waters. Stores thermal energy in its body. Swims at a steady 8 knots even in intensely cold waters.","Water, Ice",1.7000000000000002,120.0,Sea Lion Pokémon,90,70,80,70,95,70
Grimer,https://pokemondb.net/pokedex/grimer,https://img.pokemondb.net/artwork/grimer.jpg,Appears in filthy areas. Thrives by sucking up polluted sludge that is pumped out of factories. Made of hardened sludge. It smells too putrid to touch. Even weeds won't grow in its path.,Poison,0.9,30.0,Sludge Pokémon,80,80,50,40,50,25
Muk,https://pokemondb.net/pokedex/muk,https://img.pokemondb.net/artwork/muk.jpg,"Thickly covered with a filthy, vile sludge. It is so toxic, even its footprints contain poison. Smells so awful, it can cause fainting. Through degeneration, it lost its sense of smell.",Poison,1.2000000000000002,30.0,Sludge Pokémon,105,105,75,65,100,50
Shellder,https://pokemondb.net/pokedex/shellder,https://img.pokemondb.net/artwork/shellder.jpg,"The shell can withstand any attack. However, when it is open, the tender body is exposed. Its hard shell repels any kind of attack. It is vulnerable only when its shell is open.",Water,0.30000000000000004,4.0,Bivalve Pokémon,30,65,100,45,25,40
Cloyster,https://pokemondb.net/pokedex/cloyster,https://img.pokemondb.net/artwork/cloyster.jpg,"For protection, it uses its harder- than-diamonds shell. It also shoots spikes from the shell. When attacked, it launches its horns in quick volleys. Its innards have never been seen.","Water, Ice",1.5,132.5,Bivalve Pokémon,50,95,180,85,45,70
Gastly,https://pokemondb.net/pokedex/gastly,https://img.pokemondb.net/artwork/gastly.jpg,"With its gas-like body, it can sneak into any place it desires. However, it can be blown away by wind. Said to appear in decrepit, deserted buildings. It has no real shape as it appears to be made of a gas. Almost invisible, this gaseous POKéMON cloaks the target and puts it to sleep without notice.","Ghost, Poison",1.3,0.1,Gas Pokémon,30,35,30,100,35,80
Haunter,https://pokemondb.net/pokedex/haunter,https://img.pokemondb.net/artwork/haunter.jpg,"By licking, it saps the victim's life. It causes shaking that won't stop until the victim's demise. In total darkness, where nothing is visible, HAUNTER lurks, silently stalking its next victim. Because of its ability to slip through block walls, it is said to be from an­ other dimension.","Ghost, Poison",1.6,0.1,Gas Pokémon,45,50,45,115,55,95
Gengar,https://pokemondb.net/pokedex/gengar,https://img.pokemondb.net/artwork/gengar.jpg,"It steals heat from its surround­ ings. If you feel a sudden chill, it is certain that a GENGAR appeared. A GENGAR is close by if you feel a sudden chill. It may be trying to lay a curse on you. Under a full moon, this POKéMON likes to mimic the shadows of people and laugh at their fright.","Ghost, Poison",1.5,40.5,Shadow Pokémon,60,65,60,130,75,110
Onix,https://pokemondb.net/pokedex/onix,https://img.pokemondb.net/artwork/onix.jpg,"Burrows at high speed in search of food. The tunnels it leaves are used as homes by DIGLETTs. As it grows, the stone portions of its body harden to become similar to a diamond, but colored black. It twists and squirms through the ground. The thunderous roar of its tunneling echoes a long way.","Rock, Ground",8.8,210.0,Rock Snake Pokémon,35,45,160,30,45,70
Drowzee,https://pokemondb.net/pokedex/drowzee,https://img.pokemondb.net/artwork/drowzee.jpg,"If you sleep by it all the time, it will sometimes show you dreams it has eaten in the past. Puts enemies to sleep then eats their dreams. Occasionally gets sick from eating bad dreams.",Psychic,1.0,32.4,Hypnosis Pokémon,60,48,45,43,90,42
Hypno,https://pokemondb.net/pokedex/hypno,https://img.pokemondb.net/artwork/hypno.jpg,"Avoid eye contact if you come across one. It will try to put you to sleep by using its pendulum. When it locks eyes with an enemy, it will use a mix of PSI moves such as HYPNOSIS and CONFUSION. When it is very hungry, it puts humans it meets to sleep, then it feasts on their dreams.",Psychic,1.6,75.60000000000001,Hypnosis Pokémon,85,73,70,73,115,67
Krabby,https://pokemondb.net/pokedex/krabby,https://img.pokemondb.net/artwork/krabby.jpg,"If it senses dan­ ger approaching, it cloaks itself with bubbles from its mouth so it will look bigger. Its pincers are not only powerful weapons, they are used for balance when walking sideways. Its pincers are superb weapons. They sometimes break off during battle, but they grow back fast.",Water,0.4,6.5,River Crab Pokémon,30,105,90,25,25,50
Kingler,https://pokemondb.net/pokedex/kingler,https://img.pokemondb.net/artwork/kingler.jpg,"The large pincer has 10000 hp of crushing power. However, its huge size makes it unwieldy to use. One claw grew massively and as hard as steel. It has 10,000-HP strength. However, it is too heavy.",Water,1.3,60.0,Pincer Pokémon,55,130,115,50,50,75
Voltorb,https://pokemondb.net/pokedex/voltorb,https://img.pokemondb.net/artwork/voltorb.jpg,"It is said to camouflage itself as a POKé BALL. It will self-destruct with very little stimulus. Usually found in power plants. Easily mistaken for a POKé BALL, they have zapped many people.",Electric,0.5,10.4,Ball Pokémon,40,30,50,55,55,100
Electrode,https://pokemondb.net/pokedex/electrode,https://img.pokemondb.net/artwork/electrode.jpg,It stores electric energy under very high pressure. It often explodes with little or no provocation. Stores electrical energy inside its body. Even the slightest shock could trigger a huge explosion.,Electric,1.2000000000000002,66.60000000000001,Ball Pokémon,60,50,70,80,80,150
Exeggcute,https://pokemondb.net/pokedex/exeggcute,https://img.pokemondb.net/artwork/exeggcute.jpg,"The heads attract each other and spin around. There must be 6 heads for it to maintain balance. Often mistaken for eggs. When disturbed, they quickly gather and attack in swarms.","Grass, Psychic",0.4,2.5,Egg Pokémon,60,40,80,60,45,40
Exeggutor,https://pokemondb.net/pokedex/exeggutor,https://img.pokemondb.net/artwork/exeggutor.jpg,"Legend has it that on rare occasions, one of its heads will drop off and continue on as an EXEGGCUTE. Its three heads think independent­ ly. However, they are friendly and never appear to squabble. Its cries are very noisy. This is because each of the 3 heads thinks about whatever it likes.","Grass, Psychic",2.0,120.0,Coconut Pokémon,95,95,85,125,75,55
Cubone,https://pokemondb.net/pokedex/cubone,https://img.pokemondb.net/artwork/cubone.jpg,"Because it never removes its skull helmet, no one has ever seen this POKéMON's real face. If it is sad or lonely, the skull it wears shakes, and emits a plain­ tive and mournful sound. Wears the skull of its deceased mother. Its cries echo inside the skull and come out as a sad melody.",Ground,0.4,6.5,Lonely Pokémon,50,50,95,40,50,35
Marowak,https://pokemondb.net/pokedex/marowak,https://img.pokemondb.net/artwork/marowak.jpg,"Small and weak, this POKéMON is adept with its bone club. It has grown more vicious over the ages. The bone it holds is its key weapon. It throws the bone skillfully like a boomerang to KO targets.",Ground,1.0,45.0,Bone Keeper Pokémon,60,80,110,50,80,45
Hitmonlee,https://pokemondb.net/pokedex/hitmonlee,https://img.pokemondb.net/artwork/hitmonlee.jpg,"When in a hurry, its legs lengthen progressively. It runs smoothly with extra long, loping strides. When kicking, the sole of its foot turns as hard as a diamond on im­ pact and destroys its enemy.",Fighting,1.5,49.800000000000004,Kicking Pokémon,50,120,53,35,110,87
Hitmonchan,https://pokemondb.net/pokedex/hitmonchan,https://img.pokemondb.net/artwork/hitmonchan.jpg,"While apparently doing nothing, it fires punches in lightning fast volleys that are impossible to see. Its punches slice the air. However, it seems to need a short break after fighting for three minutes. Punches in cork­ screw fashion. It can punch its way through a concrete wall in the same way as a drill.",Fighting,1.4000000000000001,50.2,Punching Pokémon,50,105,79,35,110,76
Lickitung,https://pokemondb.net/pokedex/lickitung,https://img.pokemondb.net/artwork/lickitung.jpg,Its tongue can be extended like a chameleon's. It leaves a tingling sensation when it licks enemies. Its tongue spans almost 7 feet and moves more freely than its forelegs. Its licks can cause paralysis.,Normal,1.2000000000000002,65.5,Licking Pokémon,90,55,75,60,75,30
Koffing,https://pokemondb.net/pokedex/koffing,https://img.pokemondb.net/artwork/koffing.jpg,"Because it stores several kinds of toxic gases in its body, it is prone to exploding without warning. The poisonous gases it contains are a little bit lighter than air, keeping it slight­ ly airborne. Its thin, filmy body is filled with gases that cause constant sniffles, coughs and teary eyes. In hot places, its internal gases could expand and explode without any warning. Be very careful!",Poison,0.6000000000000001,1.0,Poison Gas Pokémon,40,65,95,60,45,35
Weezing,https://pokemondb.net/pokedex/weezing,https://img.pokemondb.net/artwork/weezing.jpg,"Where two kinds of poison gases meet, 2 KOFFINGs can fuse into a WEEZING over many years. It lives and grows by absorbing dust, germs and poison gases that are contained in toxic waste and garbage. If one of the twin KOFFING inflates, the other one deflates. It con­ stantly mixes its poisonous gases.",Poison,1.2000000000000002,9.5,Poison Gas Pokémon,65,90,120,85,70,60
Rhyhorn,https://pokemondb.net/pokedex/rhyhorn,https://img.pokemondb.net/artwork/rhyhorn.jpg,"Its massive bones are 1000 times harder than human bones. It can easily knock a trailer flying. A POKéMON with a one-track mind. Once it charges, it won't stop running until it falls asleep.","Ground, Rock",1.0,115.0,Spikes Pokémon,80,85,95,30,30,25
Rhydon,https://pokemondb.net/pokedex/rhydon,https://img.pokemondb.net/artwork/rhydon.jpg,"Walks on its hind legs. Shows signs of intelligence. Its armor-like hide even repels molten lava. Protected by an armor-like hide, it is capable of living in molten lava of 3,600 degrees.","Ground, Rock",1.9000000000000001,120.0,Drill Pokémon,105,130,120,45,45,40
Chansey,https://pokemondb.net/pokedex/chansey,https://img.pokemondb.net/artwork/chansey.jpg,"It walks carefully to prevent its egg from breaking. However, it is extremely fast at running away. A rare and elusive POKéMON that is said to bring happiness to those who manage to get it. A gentle and kind­ hearted POKéMON that shares its nutritious eggs if it sees an injured POKéMON.",Normal,1.1,34.6,Egg Pokémon,250,5,5,35,105,50
Tangela,https://pokemondb.net/pokedex/tangela,https://img.pokemondb.net/artwork/tangela.jpg,"Its identity is obscured by masses of thick, blue vines. The vines are said to never stop growing. The whole body is swathed with wide vines that are similar to sea­ weed. Its vines shake as it walks.",Grass,1.0,35.0,Vine Pokémon,65,55,115,100,40,60
Kangaskhan,https://pokemondb.net/pokedex/kangaskhan,https://img.pokemondb.net/artwork/kangaskhan.jpg,"The infant rarely ventures out of its mother's protective pouch until it is 3 years old. Raises its young in its belly pouch. Won't run from any fight to keep its young protected. If it is safe, the young gets out of the belly pouch to play. The adult keeps a close eye on the youngster.",Normal,2.2,80.0,Parent Pokémon,105,95,80,40,80,90
Horsea,https://pokemondb.net/pokedex/horsea,https://img.pokemondb.net/artwork/horsea.jpg,"Its big, developed fins move rapidly, allowing it to swim backward while still facing forward. If it senses any danger, it will vigorously spray water or a special type of ink from its mouth. Known to shoot down flying bugs with precision blasts of ink from the surface of the water. If attacked by a larger enemy, it quickly swims to safety by adeptly controlling its dorsal fin.",Water,0.4,8.0,Dragon Pokémon,30,40,70,70,25,60
Seadra,https://pokemondb.net/pokedex/seadra,https://img.pokemondb.net/artwork/seadra.jpg,Capable of swim­ ming backwards by rapidly flapping its wing-like pectoral fins and stout tail. Touching the back fin causes numb­ ness. It hooks its tail to coral to stay in place while sleeping. An examination of its cells revealed the presence of a gene not found in HORSEA. It became a hot topic.,Water,1.2000000000000002,25.0,Dragon Pokémon,55,65,95,95,45,85
Goldeen,https://pokemondb.net/pokedex/goldeen,https://img.pokemondb.net/artwork/goldeen.jpg,"Its dorsal, pecto­ ral and tail fins wave elegantly in water. That is why it is known as the water dancer. Its tail fin billows like an elegant ballroom dress, giving it the nickname of the Water Queen. When it is time for them to lay eggs, they can be seen swimming up rivers and falls in large groups.",Water,0.6000000000000001,15.0,Goldfish Pokémon,45,67,60,35,50,63
Seaking,https://pokemondb.net/pokedex/seaking,https://img.pokemondb.net/artwork/seaking.jpg,"In the autumn spawning season, they can be seen swimming powerfully up rivers and creeks. In the autumn spawning season, they can be seen swimming power­ fully up rivers and creeks. It is the male's job to make a nest by carving out boulders in a stream using the horn on its head. During spawning season, SEAKING gather from all over, coloring the rivers a brilliant red.",Water,1.3,39.0,Goldfish Pokémon,80,92,65,65,80,68
Staryu,https://pokemondb.net/pokedex/staryu,https://img.pokemondb.net/artwork/staryu.jpg,"If its body is torn, it can grow back if the red core remains. The core flashes at midnight. An enigmatic POKéMON that can effortlessly regenerate any appendage it loses in battle. As long as the center section is unharmed, it can grow back fully even if it is chopped to bits.",Water,0.8,34.5,Star Shape Pokémon,30,45,55,70,55,85
Starmie,https://pokemondb.net/pokedex/starmie,https://img.pokemondb.net/artwork/starmie.jpg,The center section is named the core. People think it is communicating when it glows in 7 colors. Its central core glows with the seven colors of the rainbow. Some people value the core as a gem.,"Water, Psychic",1.1,80.0,Mysterious Pokémon,60,75,85,100,85,115
Mr-mime,https://pokemondb.net/pokedex/mr-mime,https://img.pokemondb.net/artwork/mr-mime.jpg,"A skilled mime from birth, it gains the ability to create invisi­ ble objects as it matures. Always practices its pantomime act. It makes enemies believe something exists that really doesn't. If interrupted while it is miming, it will slap around the offender with its broad hands.","Psychic, Fairy",1.3,54.5,Barrier Pokémon,40,45,65,100,120,90
Scyther,https://pokemondb.net/pokedex/scyther,https://img.pokemondb.net/artwork/scyther.jpg,"With ninja-like agility and speed, it can create the illusion that there is more than one. Leaps out of tall grass and slices prey with its scythes. The move­ ment looks like that of a ninja. It slashes through grass with its sharp scythes, moving too fast for the human eye to track.","Bug, Flying",1.5,56.0,Mantis Pokémon,70,110,80,55,80,105
Jynx,https://pokemondb.net/pokedex/jynx,https://img.pokemondb.net/artwork/jynx.jpg,"It seductively wiggles its hips as it walks. It can cause people to dance in unison with it. Appears to move to a rhythm of its own, as if it were dancing. It wiggles its hips as it walks.","Ice, Psychic",1.4000000000000001,40.6,Human Shape Pokémon,65,50,35,115,95,95
Electabuzz,https://pokemondb.net/pokedex/electabuzz,https://img.pokemondb.net/artwork/electabuzz.jpg,"If a major power outage occurs, it is certain that this POKéMON has eaten electricity at a power plant. Normally found near power plants, they can wander away and cause major blackouts in cities. Electricity runs across the surface of its body. In darkness, its en­ tire body glows a whitish-blue.",Electric,1.1,30.0,Electric Pokémon,65,83,57,95,85,105
Magmar,https://pokemondb.net/pokedex/magmar,https://img.pokemondb.net/artwork/magmar.jpg,"Its body always burns with an orange glow that enables it to hide perfectly among flames. Born in an active volcano. Its body is always cloaked in flames, so it looks like a big ball of fire. It dislikes cold places, so it blows scorching flames to make the environment suit­ able for itself.",Fire,1.3,44.5,Spitfire Pokémon,65,95,57,100,85,93
Pinsir,https://pokemondb.net/pokedex/pinsir,https://img.pokemondb.net/artwork/pinsir.jpg,"With its horns, it digs burrows to sleep in at night. In the morning, damp soil clings to its body. Grips its prey in its pincers and squeezes hard! It can't move if it's cold, so it lives in warm places. If it fails to crush the victim in its pincers, it will swing it around and toss it hard.",Bug,1.5,55.0,Stag Beetle Pokémon,65,125,100,55,70,85
Tauros,https://pokemondb.net/pokedex/tauros,https://img.pokemondb.net/artwork/tauros.jpg,"A rowdy POKéMON with a lot of stamina. Once running, it won't stop until it hits something. When it targets an enemy, it charges furiously while whipping its body with its long tails. They fight each other by locking horns. The herd's protector takes pride in its bat­ tle-scarred horns.",Normal,1.4000000000000001,88.4,Wild Bull Pokémon,75,100,95,40,70,110
Magikarp,https://pokemondb.net/pokedex/magikarp,https://img.pokemondb.net/artwork/magikarp.jpg,"An underpowered, pathetic POKéMON. It may jump high on rare occasions, but never more than seven feet. Famous for being very unreliable. It can be found swimming in seas, lakes, rivers and shallow puddles. In the distant past, it was somewhat stronger than the horribly weak descendants that exist today.",Water,0.9,10.0,Fish Pokémon,20,10,55,15,20,80
Gyarados,https://pokemondb.net/pokedex/gyarados,https://img.pokemondb.net/artwork/gyarados.jpg,"They say that during past strife, GYARADOS would appear and leave blazing ruins in its wake. Once it begins to rampage, a GYARADOS will burn everything down, even in a harsh storm. Rarely seen in the wild. Huge and vicious, it is capable of destroying entire cities in a rage.","Water, Flying",6.5,235.0,Atrocious Pokémon,95,125,79,60,100,81
Lapras,https://pokemondb.net/pokedex/lapras,https://img.pokemondb.net/artwork/lapras.jpg,A POKéMON that has been over­ hunted almost to extinction. It can ferry people across the water. A gentle soul that can read the minds of people. It can ferry people across the sea on its back.,"Water, Ice",2.5,220.0,Transport Pokémon,130,85,80,85,95,60
Ditto,https://pokemondb.net/pokedex/ditto,https://img.pokemondb.net/artwork/ditto.jpg,"When it spots an enemy, its body transfigures into an almost perfect copy of its oppo­ nent. Capable of copying an enemy's genetic code to instantly transform itself into a duplicate of the enemy. It can transform into anything. When it sleeps, it changes into a stone to avoid being attacked.",Normal,0.30000000000000004,4.0,Transform Pokémon,48,48,48,48,48,48
Eevee,https://pokemondb.net/pokedex/eevee,https://img.pokemondb.net/artwork/eevee.jpg,"Its genetic code is unstable, so it could evolve in a variety of ways. There are only a few alive. Its genetic code is irregular. It may mutate if it is exposed to radiation from element STONEs.",Normal,0.30000000000000004,6.5,Evolution Pokémon,55,55,50,45,65,55
Vaporeon,https://pokemondb.net/pokedex/vaporeon,https://img.pokemondb.net/artwork/vaporeon.jpg,Its cell structure is similar to water molecules. It will melt away and become invis­ ible in water. Lives close to water. Its long tail is ridged with a fin which is often mistaken for a mermaid's.,Water,1.0,29.0,Bubble Jet Pokémon,130,65,60,110,95,65
Jolteon,https://pokemondb.net/pokedex/jolteon,https://img.pokemondb.net/artwork/jolteon.jpg,"It accumulates negative ions in the atmosphere to blast out 10000- volt lightning bolts. It concentrates the weak electric charges emitted by its cells and launches wicked lightning bolts. A sensitive POKé­ MON that easily becomes sad or angry. Every time its mood changes, it charges power.",Electric,0.8,24.5,Lightning Pokémon,65,65,60,110,95,130
Flareon,https://pokemondb.net/pokedex/flareon,https://img.pokemondb.net/artwork/flareon.jpg,"It has a flame chamber inside its body. It inhales, then blows out fire that is over 3,000F degrees. When storing thermal energy in its body, its temperature could soar to over 1600 degrees. It stores some of the air it inhales in its internal flame pouch, which heats it to over 3,000 degrees.",Fire,0.9,25.0,Flame Pokémon,65,130,60,95,110,65
Porygon,https://pokemondb.net/pokedex/porygon,https://img.pokemondb.net/artwork/porygon.jpg,"A POKéMON that consists entirely of programming code. Capable of moving freely in cyberspace. The only POKéMON people anticipate can fly into space. None has managed the feat yet, however.",Normal,0.8,36.5,Virtual Pokémon,65,60,70,85,75,40
Omanyte,https://pokemondb.net/pokedex/omanyte,https://img.pokemondb.net/artwork/omanyte.jpg,"An ancient POKéMON that was recovered from a fossil. It swims by cleverly twisting its 10 tentacles about. Revived from an ancient fossil, this POKéMON uses air stored in its shell to sink and rise in water. Although long extinct, in rare cases, it can be genetically resurrected from fossils.","Rock, Water",0.4,7.5,Spiral Pokémon,35,40,100,90,55,35
Omastar,https://pokemondb.net/pokedex/omastar,https://img.pokemondb.net/artwork/omastar.jpg,"Apparently, it cracked SHELLDER's shell with its sharp fangs and sucked out the insides. A prehistoric POKéMON that died out when its heavy shell made it impossible to catch prey. Sharp beaks ring its mouth. Its shell was too big for it to move freely, so it became extinct.","Rock, Water",1.0,35.0,Spiral Pokémon,70,60,125,115,70,55
Kabuto,https://pokemondb.net/pokedex/kabuto,https://img.pokemondb.net/artwork/kabuto.jpg,"On rare occasions, some have been found as fossils which they became while hiding on the ocean floor. A POKéMON that was resurrected from a fossil found in what was once the ocean floor eons ago. A POKéMON that was recovered from a fossil. It uses the eyes on its back while hiding on the sea floor.","Rock, Water",0.5,11.5,Shellfish Pokémon,30,80,90,55,45,55
Kabutops,https://pokemondb.net/pokedex/kabutops,https://img.pokemondb.net/artwork/kabutops.jpg,Its sleek shape is perfect for swim­ ming. It slashes prey with its claws and drains the body fluids. A slim and fast swimmer. It slices its prey with its sharp sickles and drinks the body fluids.,"Rock, Water",1.3,40.5,Shellfish Pokémon,60,115,105,65,70,80
Aerodactyl,https://pokemondb.net/pokedex/aerodactyl,https://img.pokemondb.net/artwork/aerodactyl.jpg,"A savage POKéMON that died out in ancient times. It was resurrected using DNA taken from amber. A Pokémon that roamed the skies in the dinosaur era. Its teeth are like saw blades. A ferocious, pre­ historic POKéMON that goes for the enemy's throat with its serrated saw-like fangs.","Rock, Flying",1.8,59.0,Fossil Pokémon,80,105,65,60,75,130
Snorlax,https://pokemondb.net/pokedex/snorlax,https://img.pokemondb.net/artwork/snorlax.jpg,"Very lazy. Just eats and sleeps. As its rotund bulk builds, it becomes steadily more slothful.",Normal,2.1,460.0,Sleeping Pokémon,160,110,65,65,110,30
Articuno,https://pokemondb.net/pokedex/articuno,https://img.pokemondb.net/artwork/articuno.jpg,"A legendary bird POKéMON. It freezes water that is contained in winter air and makes it snow. A legendary bird POKéMON that is said to appear to doomed people who are lost in icy mountains. The magnificent, seemingly translu­ cent wings of this legendary bird POKéMON are said to be made of ice.","Ice, Flying",1.7000000000000002,55.400000000000006,Freeze Pokémon,90,85,100,95,125,85
Zapdos,https://pokemondb.net/pokedex/zapdos,https://img.pokemondb.net/artwork/zapdos.jpg,This legendary bird POKéMON is said to appear when the sky turns dark and lightning showers down. A legendary bird POKéMON that is said to appear from clouds while dropping enormous lightning bolts. This legendary bird POKéMON causes savage thunderstorms by flapping its glit­ tering wings. This legendary bird POKéMON is said to appear only when a thun­ dercloud parts into two halves.,"Electric, Flying",1.6,52.6,Electric Pokémon,90,90,85,125,90,100
Moltres,https://pokemondb.net/pokedex/moltres,https://img.pokemondb.net/artwork/moltres.jpg,"Known as the legendary bird of fire. Every flap of its wings creates a dazzling flash of flames. A legendary bird POKéMON. As it flaps its flaming wings, even the night sky will turn red.","Fire, Flying",2.0,60.0,Flame Pokémon,90,100,90,125,85,90
Dratini,https://pokemondb.net/pokedex/dratini,https://img.pokemondb.net/artwork/dratini.jpg,It is born large to start with. It repeatedly sheds its skin as it steadily grows longer. Long considered a mythical POKéMON until recently when a small colony was found living underwater. The existence of this mythical POKéMON was only recently confirmed by a fisherman who caught one.,Dragon,1.8,3.3000000000000003,Dragon Pokémon,41,64,45,50,50,50
Dragonair,https://pokemondb.net/pokedex/dragonair,https://img.pokemondb.net/artwork/dragonair.jpg,"A mystical POKéMON that exudes a gentle aura. Has the ability to change climate conditions. According to a witness, its body was surrounded by a strange aura that gave it a mystical look.",Dragon,4.0,16.5,Dragon Pokémon,61,84,65,70,70,70
Dragonite,https://pokemondb.net/pokedex/dragonite,https://img.pokemondb.net/artwork/dragonite.jpg,"An extremely rarely seen marine POKéMON. Its intelligence is said to match that of humans. It is said that this POKéMON lives somewhere in the sea and that it flies. However, it is only a rumor.","Dragon, Flying",2.2,210.0,Dragon Pokémon,91,134,95,100,100,80
Mewtwo,https://pokemondb.net/pokedex/mewtwo,https://img.pokemondb.net/artwork/mewtwo.jpg,"Because its battle abilities were raised to the ultimate level, it thinks only of de­ feating its foes. Its DNA is almost the same as MEW's. However, its size and disposition are vastly dif­ ferent. It was created by a scientist after years of horrific gene splicing and DNA engineering experiments.",Psychic,2.0,122.0,Genetic Pokémon,106,110,90,154,90,130
Mew,https://pokemondb.net/pokedex/mew,https://img.pokemondb.net/artwork/mew.jpg,"When viewed through a micro­ scope, this POKéMON's short, fine, delicate hair can be seen. So rare that it is still said to be a mirage by many experts. Only a few people have seen it worldwide.",Psychic,0.4,4.0,New Species Pokémon,100,100,100,100,100,100
